{
  "pairs": [
    {
      "image_path": "data/images/0.jpg",
      "text_path": "data/texts/0.txt"
    },
    {
      "image_path": "data/images/1.jpg",
      "text_path": "data/texts/1.txt"
    },
    {
      "image_path": "data/images/2.jpg",
      "text_path": "data/texts/2.txt"
    },
    {
      "image_path": "data/images/3.jpg",
      "text_path": "data/texts/3.txt"
    },
    {
      "image_path": "data/images/4.jpg",
      "text_path": "data/texts/4.txt"
    },
    {
      "image_path": "data/images/5.jpg",
      "text_path": "data/texts/5.txt"
    },
    {
      "image_path": "data/images/6.jpg",
      "text_path": "data/texts/6.txt"
    },
    {
      "image_path": "data/images/7.jpg",
      "text_path": "data/texts/7.txt"
    },
    {
      "image_path": "data/images/8.jpg",
      "text_path": "data/texts/8.txt"
    },
    {
      "image_path": "data/images/9.jpg",
      "text_path": "data/texts/9.txt"
    },
    {
      "image_path": "data/images/10.jpg",
      "text_path": "data/texts/10.txt"
    },
    {
      "image_path": "data/images/11.jpg",
      "text_path": "data/texts/11.txt"
    },
    {
      "image_path": "data/images/12.jpg",
      "text_path": "data/texts/12.txt"
    },
    {
      "image_path": "data/images/13.jpg",
      "text_path": "data/texts/13.txt"
    },
    {
      "image_path": "data/images/14.jpg",
      "text_path": "data/texts/14.txt"
    },
    {
      "image_path": "data/images/15.jpg",
      "text_path": "data/texts/15.txt"
    },
    {
      "image_path": "data/images/16.jpg",
      "text_path": "data/texts/16.txt"
    },
    {
      "image_path": "data/images/17.jpg",
      "text_path": "data/texts/17.txt"
    },
    {
      "image_path": "data/images/18.jpg",
      "text_path": "data/texts/18.txt"
    },
    {
      "image_path": "data/images/19.jpg",
      "text_path": "data/texts/19.txt"
    },
    {
      "image_path": "data/images/20.jpg",
      "text_path": "data/texts/20.txt"
    },
    {
      "image_path": "data/images/21.jpg",
      "text_path": "data/texts/21.txt"
    },
    {
      "image_path": "data/images/22.jpg",
      "text_path": "data/texts/22.txt"
    },
    {
      "image_path": "data/images/23.jpg",
      "text_path": "data/texts/23.txt"
    },
    {
      "image_path": "data/images/24.jpg",
      "text_path": "data/texts/24.txt"
    },
    {
      "image_path": "data/images/25.jpg",
      "text_path": "data/texts/25.txt"
    },
    {
      "image_path": "data/images/26.jpg",
      "text_path": "data/texts/26.txt"
    },
    {
      "image_path": "data/images/27.jpg",
      "text_path": "data/texts/27.txt"
    },
    {
      "image_path": "data/images/28.jpg",
      "text_path": "data/texts/28.txt"
    },
    {
      "image_path": "data/images/29.jpg",
      "text_path": "data/texts/29.txt"
    },
    {
      "image_path": "data/images/30.jpg",
      "text_path": "data/texts/30.txt"
    },
    {
      "image_path": "data/images/31.jpg",
      "text_path": "data/texts/31.txt"
    },
    {
      "image_path": "data/images/32.jpg",
      "text_path": "data/texts/32.txt"
    },
    {
      "image_path": "data/images/33.jpg",
      "text_path": "data/texts/33.txt"
    },
    {
      "image_path": "data/images/34.jpg",
      "text_path": "data/texts/34.txt"
    },
    {
      "image_path": "data/images/35.jpg",
      "text_path": "data/texts/35.txt"
    },
    {
      "image_path": "data/images/36.jpg",
      "text_path": "data/texts/36.txt"
    },
    {
      "image_path": "data/images/37.jpg",
      "text_path": "data/texts/37.txt"
    },
    {
      "image_path": "data/images/38.jpg",
      "text_path": "data/texts/38.txt"
    },
    {
      "image_path": "data/images/39.jpg",
      "text_path": "data/texts/39.txt"
    },
    {
      "image_path": "data/images/40.jpg",
      "text_path": "data/texts/40.txt"
    },
    {
      "image_path": "data/images/41.jpg",
      "text_path": "data/texts/41.txt"
    },
    {
      "image_path": "data/images/42.jpg",
      "text_path": "data/texts/42.txt"
    },
    {
      "image_path": "data/images/43.jpg",
      "text_path": "data/texts/43.txt"
    },
    {
      "image_path": "data/images/44.jpg",
      "text_path": "data/texts/44.txt"
    },
    {
      "image_path": "data/images/45.jpg",
      "text_path": "data/texts/45.txt"
    },
    {
      "image_path": "data/images/46.jpg",
      "text_path": "data/texts/46.txt"
    },
    {
      "image_path": "data/images/47.jpg",
      "text_path": "data/texts/47.txt"
    },
    {
      "image_path": "data/images/48.jpg",
      "text_path": "data/texts/48.txt"
    },
    {
      "image_path": "data/images/49.jpg",
      "text_path": "data/texts/49.txt"
    }
  ]
}